4.457176445523074182e-02,1.036297144871669129e+00,0.000000000000000000e+00
-7.171047305416214934e-01,7.565172566212682304e-01,0.000000000000000000e+00
1.622907171498199075e+00,-1.623360727649895419e-01,1.000000000000000000e+00
8.081117868958586081e-01,-4.331945995601503840e-01,1.000000000000000000e+00
5.273028134745419981e-01,9.353006021702870987e-01,0.000000000000000000e+00
-1.111748331688404284e-01,9.584581854605649376e-01,0.000000000000000000e+00
-4.341461651728010379e-02,1.038124975722514165e+00,0.000000000000000000e+00
7.889296657690558767e-02,3.116990129237116602e-01,1.000000000000000000e+00
1.046641025937466773e+00,-4.461521720347803033e-01,1.000000000000000000e+00
1.784258439041438660e+00,-1.566409766858643804e-01,1.000000000000000000e+00
1.959608562973283119e+00,4.231919014280447477e-01,1.000000000000000000e+00
4.178880689353640099e-01,-2.854690088233360901e-01,1.000000000000000000e+00
6.704958456899269281e-01,7.129033205518561234e-01,0.000000000000000000e+00
2.303501239029871403e-02,3.417261186051550048e-01,1.000000000000000000e+00
1.859300105388923319e+00,-4.200476335557185720e-02,1.000000000000000000e+00
1.895603568030910513e-01,9.517037581753955422e-01,0.000000000000000000e+00
1.459205671649064895e+00,-3.448941295299721710e-01,1.000000000000000000e+00
2.018026758056151948e+00,2.967825151124733885e-01,1.000000000000000000e+00
-1.060501684394991706e+00,2.133624834522842018e-01,0.000000000000000000e+00
1.077035388551574657e+00,-4.628593567880511239e-01,1.000000000000000000e+00
1.722921220195283487e+00,-1.562953906165730211e-01,1.000000000000000000e+00
4.432667687023455344e-02,2.962763060714363461e-01,1.000000000000000000e+00
8.662798325476582795e-01,4.239669807155924119e-01,0.000000000000000000e+00
1.589277828360834977e-01,1.039427485786043222e-02,1.000000000000000000e+00
-9.477161042628633458e-01,1.135722061444585096e-01,0.000000000000000000e+00
3.039340625132128104e-03,9.342906964798061153e-01,0.000000000000000000e+00
1.987802530515687671e+00,6.073788764329508538e-01,1.000000000000000000e+00
6.079408124511710004e-02,2.137976738707585422e-01,1.000000000000000000e+00
6.369930553000122675e-01,-3.536315334868373461e-01,1.000000000000000000e+00
1.911005565346309387e+00,-8.150524918082587000e-02,1.000000000000000000e+00
-9.185618325558001507e-01,1.881797661909027919e-01,0.000000000000000000e+00
9.306797322240890624e-01,-5.135549794303665427e-01,1.000000000000000000e+00
-3.699452925194739450e-01,9.298412518689469497e-01,0.000000000000000000e+00
5.387792868479071018e-01,-3.613384758957151055e-01,1.000000000000000000e+00
1.659062472897491647e+00,-2.274731933177372434e-01,1.000000000000000000e+00
6.577751357086167872e-01,8.558234164699630719e-01,0.000000000000000000e+00
3.891942680890187467e-01,-2.674135338340885570e-01,1.000000000000000000e+00
9.697437824751139468e-01,2.874111383580804646e-02,0.000000000000000000e+00
-2.007352515089681488e-01,9.090889192873736757e-01,0.000000000000000000e+00
-9.617933494746798706e-01,2.836565320265742596e-01,0.000000000000000000e+00
-5.621933488017297753e-01,8.418196845470743428e-01,0.000000000000000000e+00
1.652688403586883847e+00,-3.013327858077274324e-01,1.000000000000000000e+00
1.158621979577948879e+00,-5.716082422213293324e-01,1.000000000000000000e+00
-8.400256209069445479e-01,5.264520251156055153e-01,0.000000000000000000e+00
9.476523418790792075e-01,-4.685907049513309275e-01,1.000000000000000000e+00
-8.787272902781141370e-01,3.173858975536311133e-01,0.000000000000000000e+00
1.049432703717650517e+00,7.981700791063595091e-02,0.000000000000000000e+00
5.327272251792496416e-01,-3.564707532686917091e-01,1.000000000000000000e+00
1.581582414034771844e+00,-2.813272780898172232e-01,1.000000000000000000e+00
-1.008175117097930729e+00,-1.174513819294850242e-01,0.000000000000000000e+00
2.623370022930432977e-01,-1.101557355881864764e-01,1.000000000000000000e+00
5.499622334552658337e-02,1.930476205024898029e-01,1.000000000000000000e+00
1.549265731068774632e-02,9.098243384284614155e-02,1.000000000000000000e+00
6.442262347734554195e-01,6.763526605675000969e-01,0.000000000000000000e+00
1.585290032961006457e+00,-4.146077495219610554e-01,1.000000000000000000e+00
1.769769040430108520e+00,-1.901113922469664930e-01,1.000000000000000000e+00
3.917543233629006139e-01,8.480000868005723724e-01,0.000000000000000000e+00
1.444004548610344552e+00,-3.243464055742082408e-01,1.000000000000000000e+00
8.481598446737398378e-01,4.475872925144369074e-01,0.000000000000000000e+00
1.382573990074948522e+00,-4.647504396122529302e-01,1.000000000000000000e+00
-9.730763010350139686e-01,1.717162112813797881e-01,0.000000000000000000e+00
8.959329529313071472e-01,4.928473667856728135e-01,0.000000000000000000e+00
-6.498503375240047841e-01,7.468172284080381029e-01,0.000000000000000000e+00
9.141512129558353461e-01,6.231114151801355749e-01,0.000000000000000000e+00
4.398526172511428856e-01,9.368445367082730568e-01,0.000000000000000000e+00
-1.731398657747408865e-01,1.037960623702856022e+00,0.000000000000000000e+00
1.532456800559012788e-01,-1.122757042175286935e-01,1.000000000000000000e+00
-9.824462733549347293e-01,3.138210493411720536e-01,0.000000000000000000e+00
8.558754011960461039e-01,5.238765954900874711e-01,0.000000000000000000e+00
1.954556839578443395e+00,-3.083657757051931625e-03,1.000000000000000000e+00
-8.565715821161775656e-01,4.026873315766518191e-01,0.000000000000000000e+00
2.132706982552358133e-01,1.008171351945413186e+00,0.000000000000000000e+00
-3.503968433306666602e-02,3.715141242014433631e-01,1.000000000000000000e+00
8.892376249489289952e-01,3.130393127597681513e-01,0.000000000000000000e+00
1.863704612092374757e-01,1.567029930585865927e-01,1.000000000000000000e+00
-4.855548967861538223e-01,8.794020258877602858e-01,0.000000000000000000e+00
8.778403023227376867e-01,4.175251532346821448e-01,0.000000000000000000e+00
1.335097907537479589e+00,-4.683835401097920514e-01,1.000000000000000000e+00
-1.033089372198506606e+00,4.873941595582210323e-02,0.000000000000000000e+00
1.861149645403887609e+00,-4.479077332203634798e-02,1.000000000000000000e+00
1.792128857140699305e-01,1.644717172816252682e-01,1.000000000000000000e+00
-1.536480125991348811e-01,9.865625763498475642e-01,0.000000000000000000e+00
5.616244496409480425e-01,-3.986681555289097734e-01,1.000000000000000000e+00
1.119617017784217516e+00,-5.220910930987623377e-01,1.000000000000000000e+00
8.564255221354603043e-01,-4.227523705186546632e-01,1.000000000000000000e+00
1.035869098567924890e-01,1.260344426604969870e-01,1.000000000000000000e+00
-1.298537982220802564e-02,4.273608434424859270e-01,1.000000000000000000e+00
-1.035726072119993013e+00,4.228152856400702042e-01,0.000000000000000000e+00
1.102278009095621902e-01,1.102166967713288814e+00,0.000000000000000000e+00
5.888250595888167016e-01,-4.128961871605984491e-01,1.000000000000000000e+00
1.918282672826223223e+00,7.109788332945436717e-02,1.000000000000000000e+00
7.029603677346101254e-01,-5.283522710614375617e-01,1.000000000000000000e+00
1.963478818460754782e+00,1.767388501069952211e-01,1.000000000000000000e+00
1.755469701281046069e+00,-2.708404561122935705e-01,1.000000000000000000e+00
9.140492437028937545e-01,3.783739487470990648e-01,0.000000000000000000e+00
-7.463840639932776133e-01,7.554188627129606592e-01,0.000000000000000000e+00
2.114689556584963270e+00,2.971690275301915873e-01,1.000000000000000000e+00
-5.333206161083814401e-01,8.688831196307329474e-01,0.000000000000000000e+00
2.248132422048291779e-01,9.452041130431132476e-01,0.000000000000000000e+00
-4.019662943110462461e-01,9.203536978607345098e-01,0.000000000000000000e+00
1.487051783554609097e+00,-3.337456401440321296e-01,1.000000000000000000e+00
1.935483765795314171e-01,-9.035017616235524462e-02,1.000000000000000000e+00
4.831180075371029892e-01,-3.070162417286047551e-01,1.000000000000000000e+00
3.756139827537091636e-01,9.005120072177497104e-01,0.000000000000000000e+00
1.583803946623995929e+00,-2.360766517180441504e-01,1.000000000000000000e+00
7.876339916357948390e-01,-5.093350074703379970e-01,1.000000000000000000e+00
2.217629738697454445e-01,9.368997278661315153e-01,0.000000000000000000e+00
7.752223769470920622e-01,6.921340527145484200e-01,0.000000000000000000e+00
8.520501177597665510e-02,9.465136126484942070e-01,0.000000000000000000e+00
1.826042882803237344e+00,5.900664128774227302e-02,1.000000000000000000e+00
1.228593948275260306e-01,1.354051393415533766e-01,1.000000000000000000e+00
9.403392800910383154e-02,8.889622773044001391e-01,0.000000000000000000e+00
1.814226182734092196e+00,-1.197326044095790298e-01,1.000000000000000000e+00
1.225557186226025941e+00,-4.441442158160379683e-01,1.000000000000000000e+00
3.750567647934941462e-01,-1.766392761228444408e-01,1.000000000000000000e+00
6.747627128483819625e-01,6.960502488986621827e-01,0.000000000000000000e+00
1.939087327677451622e+00,4.046933105477013570e-01,1.000000000000000000e+00
-2.265923877223642580e-01,9.285091851155704568e-01,0.000000000000000000e+00
1.562964081435541663e+00,-4.320035544191521137e-01,1.000000000000000000e+00
-8.712083453368171249e-01,3.701876715981429755e-01,0.000000000000000000e+00
2.701938309194848453e-01,-1.302890193735397606e-01,1.000000000000000000e+00
6.578535372172195084e-01,-5.963597002270810687e-01,1.000000000000000000e+00
1.935250496197512105e+00,8.817983006452229100e-02,1.000000000000000000e+00
1.429144476949010922e+00,-3.559139027494355734e-01,1.000000000000000000e+00
7.773994881224759457e-01,7.603680098193983383e-01,0.000000000000000000e+00
-8.366896567974412280e-01,5.196872571127980622e-01,0.000000000000000000e+00
-6.309520231341078089e-01,8.018121275302474427e-01,0.000000000000000000e+00
7.378090981360777012e-02,4.858949327029413179e-02,1.000000000000000000e+00
-8.595162979319519447e-01,4.436508789468159297e-01,0.000000000000000000e+00
6.833171579643240387e-03,4.888606495216480385e-01,1.000000000000000000e+00
7.589838605275308625e-01,-4.805394119105899642e-01,1.000000000000000000e+00
1.025148348251748498e+00,-5.694315641108440573e-01,1.000000000000000000e+00
5.328867886743423599e-01,-3.148328324742178941e-01,1.000000000000000000e+00
-8.778679858256104307e-01,4.985732435928105777e-01,0.000000000000000000e+00
-8.904296046350211880e-01,1.106585142032492919e-01,0.000000000000000000e+00
4.647062690921983097e-01,-3.961055230133513350e-01,1.000000000000000000e+00
4.619491518729330060e-01,9.372370161631694563e-01,0.000000000000000000e+00
7.969980958462872245e-01,-4.008856398164131196e-01,1.000000000000000000e+00
-6.168849363701264243e-01,7.635137916303420536e-01,0.000000000000000000e+00
6.716331031537440266e-01,7.477712501763279507e-01,0.000000000000000000e+00
1.973287791956923609e+00,1.589189093440435130e-01,1.000000000000000000e+00
-8.932545636037269032e-01,-1.063099696267574834e-02,0.000000000000000000e+00
-5.052140464361115635e-01,8.044787037086479353e-01,0.000000000000000000e+00
-9.762054192795572849e-01,2.793844112230104981e-01,0.000000000000000000e+00
-4.751298059210474767e-01,8.028640349841309476e-01,0.000000000000000000e+00
1.270058149800882275e+00,-5.356507462674403586e-01,1.000000000000000000e+00
-1.467924251865100893e-01,8.896273994626260340e-01,0.000000000000000000e+00
5.978525477080266493e-01,8.127165605879027588e-01,0.000000000000000000e+00
2.019989314550025394e+00,3.792377350170509365e-01,1.000000000000000000e+00
7.507250010536938856e-01,5.169679090599452742e-01,0.000000000000000000e+00
1.882531277045266904e+00,9.168601381754612478e-02,1.000000000000000000e+00
7.209596412116539010e-01,6.357308995567233501e-01,0.000000000000000000e+00
2.605241216171003127e-01,9.215137809182507578e-01,0.000000000000000000e+00
3.707707585623700175e-01,9.599795068887102545e-01,0.000000000000000000e+00
1.990857052908673097e+00,2.470822748694300741e-01,1.000000000000000000e+00
-8.410339966105438991e-01,4.248165364957831036e-01,0.000000000000000000e+00
1.581719971796665014e+00,-2.549753120498110537e-01,1.000000000000000000e+00
1.004391527959246133e+00,-5.035751061421801511e-01,1.000000000000000000e+00
1.098839892136533658e+00,-5.520905549447612248e-01,1.000000000000000000e+00
-2.581722421853671068e-01,9.661189947061493699e-01,0.000000000000000000e+00
6.816836958817620307e-01,7.039096974921575933e-01,0.000000000000000000e+00
-4.153799041990542396e-01,9.356380505295507355e-01,0.000000000000000000e+00
9.715138647172484321e-01,-5.285817914665846828e-01,1.000000000000000000e+00
1.639511375732043197e+00,-2.875075662580053870e-01,1.000000000000000000e+00
7.012286716523112584e-02,9.877751646185484180e-02,1.000000000000000000e+00
1.018528269853596013e+00,3.036305392091892541e-02,0.000000000000000000e+00
1.343596004498365248e+00,-5.235920467541663736e-01,1.000000000000000000e+00
4.131664812007905807e-01,9.061332097523949747e-01,0.000000000000000000e+00
-8.955450957642023813e-01,2.391290644014743838e-01,0.000000000000000000e+00
-9.103425406285634569e-01,4.872947976546874171e-01,0.000000000000000000e+00
9.970343958899996473e-01,2.825817326671116181e-01,0.000000000000000000e+00
1.836882978986853932e+00,-3.161151746784073013e-03,1.000000000000000000e+00
1.959830053531725902e+00,1.795686498662919517e-01,1.000000000000000000e+00
2.029155947666726689e+00,4.465010003311110087e-01,1.000000000000000000e+00
-4.318622534088812359e-01,1.010965405825791308e+00,0.000000000000000000e+00
1.444276753403888724e+00,-4.213607290121963445e-01,1.000000000000000000e+00
1.740227518766683135e+00,-1.845782984394266357e-01,1.000000000000000000e+00
-9.725579969850299822e-01,2.201567286249457300e-01,0.000000000000000000e+00
5.463003998563083219e-02,9.500435268791943555e-01,0.000000000000000000e+00
7.011897203677788792e-02,1.060004185365898549e-01,1.000000000000000000e+00
3.894427215205040205e-01,9.864257607071221789e-01,0.000000000000000000e+00
3.856837588218672841e-01,9.418421966068861728e-01,0.000000000000000000e+00
9.825058509331844325e-01,7.614697813089393863e-02,0.000000000000000000e+00
1.765258529138504562e+00,-1.729377760339522729e-01,1.000000000000000000e+00
-4.588041690720882221e-02,9.556214746398035143e-01,0.000000000000000000e+00
-2.762021958177397485e-01,9.178993961190889950e-01,0.000000000000000000e+00
4.869609841587721477e-01,9.496694561322803763e-01,0.000000000000000000e+00
8.943124820088959037e-01,3.269385644755714027e-01,0.000000000000000000e+00
6.894984072841299216e-01,-3.706627662666807099e-01,1.000000000000000000e+00
7.519877948807484058e-01,-3.333779639758450708e-01,1.000000000000000000e+00
-8.432813463885600047e-01,5.556228966719923834e-01,0.000000000000000000e+00
1.662360855854272179e+00,-3.071458865076852618e-01,1.000000000000000000e+00
2.100407049925539782e-01,1.000032267850193168e+00,0.000000000000000000e+00
1.952228166307582891e+00,3.033743726202881574e-01,1.000000000000000000e+00
-9.853488371868556195e-01,-5.447102638356889764e-02,0.000000000000000000e+00
1.072525426861081765e-01,2.102801916138010221e-02,1.000000000000000000e+00
1.962059273158555328e+00,1.095638067892925754e-01,1.000000000000000000e+00
7.612212339529793592e-01,4.464482954443684815e-01,0.000000000000000000e+00
8.472285313966521070e-01,6.363975336461989984e-01,0.000000000000000000e+00
-9.787825182804306134e-01,3.606588660580198891e-01,0.000000000000000000e+00
5.000414923604828282e-02,1.020384866130637169e+00,0.000000000000000000e+00
1.210158224184194387e+00,-5.396078874384596658e-01,1.000000000000000000e+00
1.781819784677026508e+00,-2.396647442748826018e-01,1.000000000000000000e+00
1.471675967341054880e+00,-3.897975673357721993e-01,1.000000000000000000e+00
1.256109017944978812e-01,9.423867553693260346e-04,1.000000000000000000e+00
4.979410604484528768e-01,-3.864678619520502401e-01,1.000000000000000000e+00
1.890590561878306097e+00,1.560136206041786433e-01,1.000000000000000000e+00
8.519249913159361309e-01,4.450774730492514930e-01,0.000000000000000000e+00
2.142414822611998226e-01,1.074746031993613071e+00,0.000000000000000000e+00
-4.089479879268240747e-01,9.565553697709742176e-01,0.000000000000000000e+00
-2.690220330579119468e-01,9.807656520810357215e-01,0.000000000000000000e+00
-9.070405706973879711e-01,2.063456634699167014e-01,0.000000000000000000e+00
2.005155779919897796e+00,5.153036312522170093e-01,1.000000000000000000e+00
8.494413107136892238e-01,5.830620724031718716e-01,0.000000000000000000e+00
8.225748773318392049e-01,-4.544570393223728022e-01,1.000000000000000000e+00
1.704738548553067057e+00,-1.861903227345178269e-01,1.000000000000000000e+00
8.070658873078909723e-01,-4.809772736653393221e-01,1.000000000000000000e+00
-9.947471328611814378e-01,5.067183354233999459e-01,0.000000000000000000e+00
9.691604673575487938e-01,1.808806093611766974e-01,0.000000000000000000e+00
2.004583438943714935e+00,3.039636184844909383e-01,1.000000000000000000e+00
1.822647185161495376e+00,-2.161257581893496760e-01,1.000000000000000000e+00
-9.035803302593580222e-01,4.221618787156155017e-01,0.000000000000000000e+00
7.238552611711628337e-01,7.113588237715932072e-01,0.000000000000000000e+00
4.014014598333649070e-02,5.113967106666671425e-01,1.000000000000000000e+00
5.279933260675974127e-01,7.860660792993739987e-01,0.000000000000000000e+00
1.928565457381086201e+00,4.859299010256155071e-01,1.000000000000000000e+00
-1.068935935528168901e+00,2.215847170661757737e-01,0.000000000000000000e+00
-4.383805659890527284e-01,8.342750358761436003e-01,0.000000000000000000e+00
1.711252795186267051e+00,-1.773979235314855629e-01,1.000000000000000000e+00
-1.790311358024853361e-01,9.768773747155368170e-01,0.000000000000000000e+00
1.047108436768192208e+00,-4.751649284315463961e-01,1.000000000000000000e+00
1.150863107689907627e+00,-4.579650144712520410e-01,1.000000000000000000e+00
9.603204594231359859e-02,9.450045694421177478e-04,1.000000000000000000e+00
2.219940810422882660e-01,-4.618878416543718141e-02,1.000000000000000000e+00
-8.267560261174240477e-01,7.126654317700061858e-01,0.000000000000000000e+00
-4.805279138209038736e-01,7.860529650194639784e-01,0.000000000000000000e+00
-3.622172383338590484e-01,9.084030783952491417e-01,0.000000000000000000e+00
8.382585798711054137e-01,2.587719818938187255e-01,0.000000000000000000e+00
1.646474189722150427e+00,-2.281244356048690580e-01,1.000000000000000000e+00
1.838304659756563764e+00,2.324487448484731655e-01,1.000000000000000000e+00
9.251707185477333617e-01,2.930531172554994290e-01,0.000000000000000000e+00
-9.253292186077296533e-01,2.109343660782644070e-01,0.000000000000000000e+00
8.086286011484106195e-01,5.029048331413488171e-01,0.000000000000000000e+00
4.518636324047856645e-01,8.226458820481405976e-01,0.000000000000000000e+00
9.231435131427973007e-01,-5.396913942054104574e-01,1.000000000000000000e+00
1.494953444919820740e+00,-3.000561621407771828e-01,1.000000000000000000e+00
-6.079597407166879020e-01,7.898831192043782590e-01,0.000000000000000000e+00
3.477814720742926080e-01,8.497451165276523888e-01,0.000000000000000000e+00
-5.264676331137944088e-01,8.814997029467528389e-01,0.000000000000000000e+00
-8.145213226637191273e-01,5.861594108067182951e-01,0.000000000000000000e+00
4.025515615605304021e-01,-3.425489708526378019e-01,1.000000000000000000e+00
-9.862942161339776082e-01,3.929507193482408844e-01,0.000000000000000000e+00
2.543285034353899299e-01,-1.436388388455987208e-01,1.000000000000000000e+00
5.630334578386118061e-01,7.585231676931667444e-01,0.000000000000000000e+00
6.783324819464520150e-02,9.194168851744306814e-02,1.000000000000000000e+00
1.562798564634765963e+00,-3.698900311009525321e-01,1.000000000000000000e+00
-1.050526894245542353e+00,9.690161705045581553e-02,0.000000000000000000e+00
1.934085014062004726e+00,8.546917917499344264e-02,1.000000000000000000e+00
1.086968765036525064e-01,4.910914496673109142e-02,1.000000000000000000e+00
1.427785699900078198e+00,-3.297172912923361787e-01,1.000000000000000000e+00
-9.332854308897365891e-01,2.080646936493110444e-01,0.000000000000000000e+00
2.654511674539336008e-01,-1.325330891786820342e-01,1.000000000000000000e+00
1.892541194666945259e+00,2.240700719285104170e-01,1.000000000000000000e+00
1.874434326993970057e+00,8.739535756041157122e-02,1.000000000000000000e+00
-7.592897231367704558e-01,6.166457865310871478e-01,0.000000000000000000e+00
9.953655194679634777e-01,4.953154304810786224e-02,0.000000000000000000e+00
-7.231169976968658542e-02,9.270991982790717234e-01,0.000000000000000000e+00
1.282116081827517351e-01,1.029790407241353734e+00,0.000000000000000000e+00
-9.603805045445424904e-01,2.381204987642971671e-01,0.000000000000000000e+00
1.569940305679671799e-01,9.240741032872314964e-01,0.000000000000000000e+00
-5.791102337848533788e-01,7.329916620259473437e-01,0.000000000000000000e+00
-2.490952378191648720e-01,1.040088492936884546e+00,0.000000000000000000e+00
-7.934826373090148044e-01,4.788724070017245649e-01,0.000000000000000000e+00
-1.656686199011629668e-02,4.435526722049898396e-01,1.000000000000000000e+00
1.781033066263149278e+00,-1.185011632256681713e-01,1.000000000000000000e+00
1.042713852593024848e+00,1.725009826768272581e-01,0.000000000000000000e+00
6.000836667899996923e-01,-3.669333148009647494e-01,1.000000000000000000e+00
-4.400857686329843199e-01,8.716180419744805619e-01,0.000000000000000000e+00
-4.040111484526729413e-01,8.975271953989329976e-01,0.000000000000000000e+00
7.415522013348380126e-01,6.214732350590823629e-01,0.000000000000000000e+00
-9.489808773325076885e-01,2.868907423320701811e-01,0.000000000000000000e+00
2.934998808913270030e-01,-1.073908887822927483e-01,1.000000000000000000e+00
5.737977963103616658e-02,2.114348877404400584e-01,1.000000000000000000e+00
1.979242751509499854e-01,1.011708302369593637e+00,0.000000000000000000e+00
1.055732408734206373e+00,4.500020084312830737e-02,0.000000000000000000e+00
2.610624724419056686e-01,-1.608946600554408690e-01,1.000000000000000000e+00
4.511834286478209610e-01,-2.867715905689439682e-01,1.000000000000000000e+00
1.254862493518154043e+00,-4.111191086472145706e-01,1.000000000000000000e+00
1.567083396580990495e-01,9.175147581804837804e-01,0.000000000000000000e+00
-7.079326959173082301e-01,6.680620858862655886e-01,0.000000000000000000e+00
-9.748117757034640007e-01,2.046205410948694070e-02,0.000000000000000000e+00
1.940696584775627009e+00,2.958722392317494343e-01,1.000000000000000000e+00
3.989751932986837502e-01,9.922091191497555140e-01,0.000000000000000000e+00
4.338654232569896241e-01,-2.904388519060921992e-01,1.000000000000000000e+00
5.821519730233490342e-02,2.668863793860715705e-01,1.000000000000000000e+00
1.914811100025515911e+00,5.432356749627153397e-02,1.000000000000000000e+00
-5.768250292348019864e-02,1.030469631470707359e+00,0.000000000000000000e+00
6.491272525000471028e-01,-4.354655741546433201e-01,1.000000000000000000e+00
1.812709684592364257e+00,-2.250608023548623590e-02,1.000000000000000000e+00
-9.321880103372344184e-01,3.088859379249336290e-01,0.000000000000000000e+00
6.126424056399881746e-01,-3.796953484603179385e-01,1.000000000000000000e+00
2.007154029417030916e+00,1.453583907910525053e-01,1.000000000000000000e+00
3.674350592191433923e-02,1.301459834016930051e-01,1.000000000000000000e+00
1.687610816226893906e+00,-1.921791894430972258e-01,1.000000000000000000e+00
7.053589119289612741e-01,6.228933302101334890e-01,0.000000000000000000e+00
6.242668082721948286e-01,-3.917149602010139287e-01,1.000000000000000000e+00
-4.612727911925419699e-02,4.375664878434609717e-01,1.000000000000000000e+00
-6.119742068930237311e-01,6.364321989352430542e-01,0.000000000000000000e+00
9.009726459721923986e-01,2.187447717435984096e-01,0.000000000000000000e+00
1.226497904275412720e+00,-4.679906871108076571e-01,1.000000000000000000e+00
9.327972953182794846e-01,2.779308261497314136e-01,0.000000000000000000e+00
-7.306319976209729727e-01,6.442078976032470372e-01,0.000000000000000000e+00
4.822498707208946467e-01,-3.237046955471700183e-01,1.000000000000000000e+00
-8.683754270319965496e-01,4.117929277069390936e-01,0.000000000000000000e+00
6.543426763077870856e-01,7.059880790493302527e-01,0.000000000000000000e+00
9.363653882736194811e-02,1.636829768513260175e-01,1.000000000000000000e+00
1.622618243204732913e+00,-3.240336702201045971e-01,1.000000000000000000e+00
9.936701959762546110e-01,-5.995035422982797346e-01,1.000000000000000000e+00
7.958170246474630671e-01,7.241692448023758777e-01,0.000000000000000000e+00
3.508162734937513849e-01,-1.761083084774035246e-01,1.000000000000000000e+00
2.384205337275215331e-01,1.006727569866382677e+00,0.000000000000000000e+00
-5.236601007274938047e-01,7.947809213731763522e-01,0.000000000000000000e+00
1.607200446532008886e+00,-3.589094559996602873e-01,1.000000000000000000e+00
1.647878517291256895e+00,-3.032696675990537716e-01,1.000000000000000000e+00
-6.449952172996942235e-01,8.032308732461750367e-01,0.000000000000000000e+00
2.083747431691090224e+00,3.698675787741866339e-01,1.000000000000000000e+00
2.650046183068397593e-02,2.923344369140346011e-01,1.000000000000000000e+00
6.286113356992803491e-02,3.713388709355535666e-01,1.000000000000000000e+00
9.645457043222344096e-01,3.902425300716543810e-01,0.000000000000000000e+00
-1.022936636818969625e+00,5.088507675338580505e-01,0.000000000000000000e+00
5.884068361117142376e-03,2.488476376100809684e-01,1.000000000000000000e+00
1.073182394947335139e+00,-4.789401733096145808e-01,1.000000000000000000e+00
1.987244188542473866e+00,1.863499378544636598e-01,1.000000000000000000e+00
-8.977648149464834137e-01,6.163239172168150093e-01,0.000000000000000000e+00
-2.927484629831528240e-02,1.728665001761209019e-01,1.000000000000000000e+00
1.588824681019624041e+00,-3.096474903794312339e-01,1.000000000000000000e+00
-6.195113983415225789e-01,7.247493409886325288e-01,0.000000000000000000e+00
-9.508607472063461685e-01,1.323633724867884776e-01,0.000000000000000000e+00
6.766428529751407350e-02,-3.082428224887577561e-02,1.000000000000000000e+00
-3.620733571077036084e-01,1.000965233894707929e+00,0.000000000000000000e+00
1.547444842040798518e-01,-6.962168837445482927e-02,1.000000000000000000e+00
-7.519955362138753818e-01,6.437713083488498800e-01,0.000000000000000000e+00
5.941346170442978192e-01,8.121057851392265992e-01,0.000000000000000000e+00
6.407592060505569176e-01,-4.775914646601553404e-01,1.000000000000000000e+00
-1.821859578208655517e-01,1.052577633600206841e+00,0.000000000000000000e+00
-9.310929767544776636e-01,1.792041108977998898e-01,0.000000000000000000e+00
8.559306725356040646e-01,-4.530345257046001772e-01,1.000000000000000000e+00
1.890443767549637166e-01,-2.192940940240899750e-01,1.000000000000000000e+00
1.500216791509995762e+00,-3.342131270763445960e-01,1.000000000000000000e+00
1.976803204060965768e+00,2.358078386041681518e-01,1.000000000000000000e+00
-1.459737007207386472e-01,3.418182520813691783e-01,1.000000000000000000e+00
8.423111275689935118e-01,5.241230109924227554e-01,0.000000000000000000e+00
1.309433777701204393e-01,1.029216642495484280e+00,0.000000000000000000e+00
5.366793623538718139e-01,8.471841644382642755e-01,0.000000000000000000e+00
4.357230802368540767e-01,8.779631646255633415e-01,0.000000000000000000e+00
1.892662033943085076e+00,-6.207333530596421955e-02,1.000000000000000000e+00
5.741535195837011996e-01,-3.688275473281351635e-01,1.000000000000000000e+00
9.360127516757986710e-01,1.229762349634388324e-01,0.000000000000000000e+00
8.227690047477718149e-01,4.620072717262866391e-01,0.000000000000000000e+00
-6.138512858359445046e-01,7.430569059952024658e-01,0.000000000000000000e+00
-9.748578332799884283e-01,1.855092701182906034e-01,0.000000000000000000e+00
8.193425533509171022e-01,-5.258085173388210576e-01,1.000000000000000000e+00
5.458787619502230015e-01,8.208058370571860163e-01,0.000000000000000000e+00
4.428192995213436900e-01,-2.799104111254389071e-01,1.000000000000000000e+00
6.290406816833562509e-01,-4.611020515635069206e-01,1.000000000000000000e+00
2.034387173701392548e+00,1.690528276168982713e-01,1.000000000000000000e+00
-1.004381876349845326e+00,2.955880865542611646e-01,0.000000000000000000e+00
5.070826286961103158e-01,8.131058074742786301e-01,0.000000000000000000e+00
-1.118923046509582520e+00,1.148003262789478313e-01,0.000000000000000000e+00
7.720956625250866567e-01,-4.149107015951766231e-01,1.000000000000000000e+00
6.813940011602331870e-01,7.944655721161598683e-01,0.000000000000000000e+00
-3.595120238593570855e-02,4.093823017546122656e-01,1.000000000000000000e+00
7.815858968781368432e-01,-5.193916324666570938e-01,1.000000000000000000e+00
7.193488329350856691e-01,-4.506198086196110397e-01,1.000000000000000000e+00
7.837549131580225925e-01,-5.466974866958275170e-01,1.000000000000000000e+00
1.234784096473880100e+00,-4.734324898995168063e-01,1.000000000000000000e+00
2.839955646686902480e-01,-3.189328729863273870e-01,1.000000000000000000e+00
1.016858120349151684e-01,9.723556467473218889e-01,0.000000000000000000e+00
-1.529842778708872253e-01,9.497035613521687125e-01,0.000000000000000000e+00
-1.001591552521950979e+00,3.553314050618917586e-01,0.000000000000000000e+00
2.908885004030771770e-01,-2.485624974658003083e-01,1.000000000000000000e+00
1.896786109473267645e+00,3.258148291240666183e-01,1.000000000000000000e+00
-7.571371013422386609e-01,6.473295108901319095e-01,0.000000000000000000e+00
5.323457595121046104e-01,-3.885962229786636413e-01,1.000000000000000000e+00
1.923908478646339626e+00,-1.111047100381683667e-01,1.000000000000000000e+00
7.547310720970589193e-01,7.300453874470588245e-01,0.000000000000000000e+00
1.408817337933021274e-01,-1.323140476287597289e-02,1.000000000000000000e+00
1.945380661878514994e+00,2.555066789531622307e-02,1.000000000000000000e+00
-4.020772456184323884e-01,9.058913306130794707e-01,0.000000000000000000e+00
9.045209168297007052e-01,3.067509755850434949e-01,0.000000000000000000e+00
1.777693148666369405e+00,-1.472167573303868049e-01,1.000000000000000000e+00
-9.397951880382554579e-01,3.631180222413751268e-01,0.000000000000000000e+00
-1.089931988536192026e-02,9.709025141058322816e-01,0.000000000000000000e+00
1.839415151973661899e+00,2.485441224953620354e-02,1.000000000000000000e+00
2.279026578203914577e-02,2.335482769513844425e-01,1.000000000000000000e+00
8.721335843151965805e-02,5.529180936228277332e-01,1.000000000000000000e+00
8.973779625847562169e-01,4.801004774583509938e-01,0.000000000000000000e+00
-9.159630255244310959e-01,5.933627334656646490e-03,0.000000000000000000e+00
-6.911367254583675179e-03,2.180180296350853197e-01,1.000000000000000000e+00
5.567756498882446836e-01,-4.265780819582344341e-01,1.000000000000000000e+00
3.160824912660519792e-01,-2.283927869657652321e-01,1.000000000000000000e+00
1.007525119295938909e+00,1.143934519032605568e-01,0.000000000000000000e+00
-6.193825533474274225e-01,8.612465466995805619e-01,0.000000000000000000e+00
9.598825880612663619e-01,1.484819732899090583e-01,0.000000000000000000e+00
7.322046507834784057e-01,5.856387376223632923e-01,0.000000000000000000e+00
1.987047792371188226e+00,-4.650114237834263031e-02,1.000000000000000000e+00
7.589825347458166727e-01,-4.178554653486255543e-01,1.000000000000000000e+00
-8.803437416514031666e-01,4.291061277426967968e-01,0.000000000000000000e+00
8.333153580994032694e-01,5.060022991433503758e-01,0.000000000000000000e+00
9.750259287840078448e-01,-4.312349202015390848e-01,1.000000000000000000e+00
3.485611281879967271e-01,8.954392912657986869e-01,0.000000000000000000e+00
1.858442457609151832e+00,2.590635249324125811e-01,1.000000000000000000e+00
-9.530028269699044596e-01,3.285818038066983804e-01,0.000000000000000000e+00
8.469855625051834203e-01,6.423148659223009149e-01,0.000000000000000000e+00
6.300232544983579430e-01,8.842325127381983618e-01,0.000000000000000000e+00
7.746510785102861396e-01,6.413481879236792027e-01,0.000000000000000000e+00
-9.986147883670960512e-01,-4.493300616894811694e-02,0.000000000000000000e+00
1.662147350350936748e+00,-1.466982589450167296e-01,1.000000000000000000e+00
1.008573655229864086e+00,-4.203623427401223522e-01,1.000000000000000000e+00
8.912577136528390120e-01,5.993081980901867611e-01,0.000000000000000000e+00
-4.025361975552354532e-01,8.703166269708833003e-01,0.000000000000000000e+00
-3.023504547897293282e-03,2.735788414230111432e-01,1.000000000000000000e+00
-8.684606259838599795e-01,5.027445441357278888e-01,0.000000000000000000e+00
4.895695105517312157e-03,9.963152119268138263e-01,0.000000000000000000e+00
4.113103340052804979e-01,9.133692454471069588e-01,0.000000000000000000e+00
-4.634930488881346122e-02,3.696210210533477092e-01,1.000000000000000000e+00
1.191762061535804051e-01,9.244658240689885842e-01,0.000000000000000000e+00
7.988183721112799285e-01,-4.591766426926446876e-01,1.000000000000000000e+00
7.522628391319724495e-01,-4.053677302527276538e-01,1.000000000000000000e+00
4.975506947410743286e-02,2.996480881677476282e-01,1.000000000000000000e+00
7.217270492917084168e-02,6.042147817554541916e-02,1.000000000000000000e+00
1.185340555197355261e+00,-4.093918614852760651e-01,1.000000000000000000e+00
-7.562574760115678973e-01,5.548565611379605578e-01,0.000000000000000000e+00
2.025216488136609705e+00,2.777259286379218373e-01,1.000000000000000000e+00
-1.481728281975481787e-01,1.035058289291584943e+00,0.000000000000000000e+00
-1.005739966313067946e+00,2.817817006204803576e-01,0.000000000000000000e+00
-6.035962900917277718e-01,8.230651456232608298e-01,0.000000000000000000e+00
-4.955510518648656992e-01,9.744260382279766874e-01,0.000000000000000000e+00
-9.248627694345499251e-01,3.929088980917793683e-01,0.000000000000000000e+00
1.955524970957159825e+00,3.440411601582980539e-01,1.000000000000000000e+00
-1.202708376148330510e-01,9.459576382994517862e-01,0.000000000000000000e+00
-6.677535332087343178e-01,8.009177647214628104e-01,0.000000000000000000e+00
9.084042905573932458e-01,-4.285781700511129833e-01,1.000000000000000000e+00
2.053806316938486809e+00,2.978471124912914769e-01,1.000000000000000000e+00
1.619889711762821649e-02,3.212042249155280249e-01,1.000000000000000000e+00
7.658871270614467375e-02,2.145103761964906597e-01,1.000000000000000000e+00
1.022558948658806866e-01,3.607382064445311537e-02,1.000000000000000000e+00
5.485546646412569061e-01,-3.943353832495794520e-01,1.000000000000000000e+00
7.618576754454703392e-02,1.022285238608305225e+00,0.000000000000000000e+00
9.692148940322022899e-01,4.763626241055669563e-01,0.000000000000000000e+00
8.341126763309656411e-01,-4.534793917285966369e-01,1.000000000000000000e+00
6.154444898884481319e-01,-4.557422688704994562e-01,1.000000000000000000e+00
5.473016685639504608e-01,8.513233938097025666e-01,0.000000000000000000e+00
4.608655605829380941e-01,-3.402574162733227325e-01,1.000000000000000000e+00
6.343863387188248826e-01,7.534551345829991753e-01,0.000000000000000000e+00
4.601872577571154976e-01,-3.213433001907278763e-01,1.000000000000000000e+00
-5.519203549412055043e-02,1.035287879153380830e+00,0.000000000000000000e+00
-1.036371544770283259e+00,1.672838837693018110e-01,0.000000000000000000e+00
-8.021852294172379105e-01,5.630029751105956048e-01,0.000000000000000000e+00
1.839156099978189740e-01,-1.925371780143307621e-01,1.000000000000000000e+00
-7.968104279084998742e-01,6.301619832434688373e-01,0.000000000000000000e+00
-5.464385903446644654e-01,7.722722500971187509e-01,0.000000000000000000e+00
8.391438413514450412e-01,5.682338034064651211e-01,0.000000000000000000e+00
1.327381590249291587e+00,-4.962546375039214586e-01,1.000000000000000000e+00
-4.300875254270569714e-01,9.605820926015076200e-01,0.000000000000000000e+00
1.005641582568451486e+00,1.022927925897953172e-01,0.000000000000000000e+00
9.474441046368815567e-01,3.367644839188143613e-01,0.000000000000000000e+00
1.895001368345758941e+00,-4.519910707796129246e-03,1.000000000000000000e+00
4.454197025772155261e-02,4.282805303230136085e-01,1.000000000000000000e+00
-7.596012452031232209e-01,6.067198097105449550e-01,0.000000000000000000e+00
-1.000666540925165826e+00,1.106501877532806988e-01,0.000000000000000000e+00
3.868313576489376682e-01,9.073528784724959051e-01,0.000000000000000000e+00
9.292800741466182846e-01,2.793204918605072251e-01,0.000000000000000000e+00
8.246981944779250284e-01,5.782727873864894619e-01,0.000000000000000000e+00
-8.313430593291968318e-01,5.331469768703831491e-01,0.000000000000000000e+00
1.335948059700739377e+00,-4.041565227093120716e-01,1.000000000000000000e+00
1.603570260274841619e+00,-2.813373506883983799e-01,1.000000000000000000e+00
7.805367373779876772e-01,7.679641882855917645e-01,0.000000000000000000e+00
8.430933033655418907e-01,5.415899368709935491e-01,0.000000000000000000e+00
-5.805205975117838646e-01,9.103889280194442657e-01,0.000000000000000000e+00
1.018928505061905687e+00,2.400750833327620071e-01,0.000000000000000000e+00
7.021383427514453768e-01,7.121506401052001278e-01,0.000000000000000000e+00
1.451882581409116302e+00,-2.617242091790878966e-01,1.000000000000000000e+00
2.510208681267195319e-01,-2.088476523003882646e-01,1.000000000000000000e+00
3.067811652402872846e-02,4.383142247986344664e-01,1.000000000000000000e+00
5.166616261766923124e-01,7.088154777704210874e-01,0.000000000000000000e+00
1.353435785251660084e+00,-5.149674891772614282e-01,1.000000000000000000e+00
-8.884720398196978008e-01,4.580012135302294896e-01,0.000000000000000000e+00
-4.567321082062691939e-01,7.871272868811798329e-01,0.000000000000000000e+00
1.139480998639541554e+00,-4.990174207820159413e-01,1.000000000000000000e+00
8.842057779436698350e-01,4.329739755533810186e-01,0.000000000000000000e+00
2.093876059320921801e+00,4.768679308030248087e-01,1.000000000000000000e+00
7.667424698641911451e-01,5.093339887216485895e-01,0.000000000000000000e+00
1.770168060252472308e+00,-2.122288079410429573e-03,1.000000000000000000e+00
1.076206180041803018e+00,-4.286107729593025550e-01,1.000000000000000000e+00
1.701991210785507080e+00,-2.979945412592359122e-01,1.000000000000000000e+00
2.101505855462457162e-02,1.012440859282162320e+00,0.000000000000000000e+00
2.598769692455504821e-01,-1.280457379460360756e-01,1.000000000000000000e+00
-3.270362652277602478e-01,9.934373715845015163e-01,0.000000000000000000e+00
4.435473827211239284e-03,1.043424260110001001e+00,0.000000000000000000e+00
8.961477481467834405e-01,2.758991475268093296e-01,0.000000000000000000e+00
-2.167665837299546372e-01,1.002235408146987972e+00,0.000000000000000000e+00
1.205613344520823693e+00,-4.356296148193057327e-01,1.000000000000000000e+00
-9.497309503829137745e-01,5.186660477256529456e-01,0.000000000000000000e+00
1.177488878731545618e+00,-4.199581473682085786e-01,1.000000000000000000e+00
5.352288095298226578e-01,8.798724611357302550e-01,0.000000000000000000e+00
-7.975071508314818258e-01,5.029590179577383413e-01,0.000000000000000000e+00
3.161897366315870039e-01,1.032118214664920375e+00,0.000000000000000000e+00
1.690643683505806294e+00,-1.566015554128696863e-01,1.000000000000000000e+00
5.195088846410105682e-02,1.005843160875681264e+00,0.000000000000000000e+00
2.926868392136081631e-01,-2.304437649160908097e-01,1.000000000000000000e+00
9.775340843280899694e-01,3.034814805038396068e-01,0.000000000000000000e+00
1.068667471189915341e+00,4.760391471623395820e-02,0.000000000000000000e+00
1.502142345136816548e-01,5.249253702266432065e-02,1.000000000000000000e+00
1.423346251593998302e+00,-5.120296398135449900e-01,1.000000000000000000e+00
1.977245654050056922e+00,4.577567918298293403e-02,1.000000000000000000e+00
-1.045203620279762102e+00,2.362982763533461594e-01,0.000000000000000000e+00
-6.630666568965254415e-01,8.149641148930685253e-01,0.000000000000000000e+00
7.808835721718735412e-01,6.093043818657952748e-01,0.000000000000000000e+00
-5.485184344932191314e-01,8.483192825711335372e-01,0.000000000000000000e+00
7.448541538735856671e-01,-4.889673578628984663e-01,1.000000000000000000e+00
-4.685695841618754964e-01,8.505860777652538562e-01,0.000000000000000000e+00
3.167400341708482836e-01,-1.514579831967364787e-01,1.000000000000000000e+00
9.941571994983922078e-01,2.396641877974718324e-02,0.000000000000000000e+00
1.276679303035791690e+00,-5.188394609226845144e-01,1.000000000000000000e+00
5.626422960265566042e-02,3.768206984530710901e-01,1.000000000000000000e+00
-1.056813148855513695e+00,9.322333759127046648e-02,0.000000000000000000e+00
2.222040471329823352e-01,3.709761426130175899e-02,1.000000000000000000e+00
1.079247740235308006e+00,-4.754939445836827705e-01,1.000000000000000000e+00
1.949432583349946846e+00,3.723510111997275218e-01,1.000000000000000000e+00
1.436939957673028512e-01,-3.771704206507421608e-02,1.000000000000000000e+00
-9.174671256463940994e-01,4.507397469541902790e-01,0.000000000000000000e+00
2.094682700826715205e-02,9.891816666270669689e-01,0.000000000000000000e+00
1.619761107030178060e+00,-2.572372840211595291e-01,1.000000000000000000e+00
1.586065559749802734e-01,9.978648055747345591e-01,0.000000000000000000e+00
-5.835631181216932584e-01,7.941314297729497040e-01,0.000000000000000000e+00
1.650815871615629371e+00,-2.898683376451903770e-01,1.000000000000000000e+00
1.809668524587927374e+00,-1.046085277501357519e-01,1.000000000000000000e+00
3.846311441016007637e-01,-2.424148799806905563e-01,1.000000000000000000e+00
6.003965300775816749e-02,1.496497816158024463e-01,1.000000000000000000e+00
2.962396920907121034e-01,-1.548418465293335822e-01,1.000000000000000000e+00
9.561699443950650856e-01,8.353301727718022429e-02,0.000000000000000000e+00
1.126980225671513569e+00,-4.343901437681004229e-01,1.000000000000000000e+00
-1.627497786548147141e-01,1.023405526793585096e+00,0.000000000000000000e+00
5.401367161955038521e-01,8.354954851447341513e-01,0.000000000000000000e+00
2.999248414295755949e-01,-1.788352387266688992e-01,1.000000000000000000e+00
3.296574160106129914e-01,9.818457580425608011e-01,0.000000000000000000e+00
4.276389880041353564e-01,9.616248813406278462e-01,0.000000000000000000e+00
1.947259743280965960e+00,4.085761140730806984e-01,1.000000000000000000e+00
4.034769896518501930e-01,-2.790903981617232632e-01,1.000000000000000000e+00
-1.719401361886432195e-02,3.017230917356687470e-01,1.000000000000000000e+00
1.300001382193113786e+00,-4.292474088530936482e-01,1.000000000000000000e+00
1.100330809543429877e+00,-3.111931713673590782e-04,0.000000000000000000e+00
8.060617552849388967e-02,2.701337718851430925e-01,1.000000000000000000e+00
1.279253978083666254e+00,-4.294757799078669502e-01,1.000000000000000000e+00
1.727135297765355348e-01,3.183922098805008760e-02,1.000000000000000000e+00
1.956552641503839896e+00,4.844418623316360528e-01,1.000000000000000000e+00
1.857328219590708596e+00,-2.600249629382356958e-02,1.000000000000000000e+00
-4.364873342853264893e-01,8.812793390683909545e-01,0.000000000000000000e+00
1.708225500853618462e+00,-1.683049717105394860e-01,1.000000000000000000e+00
1.953790282709382709e+00,3.818576936229173269e-01,1.000000000000000000e+00
1.035588777907725744e+00,1.693965676602874060e-01,0.000000000000000000e+00
-7.647742896636534615e-01,6.790654761410466200e-01,0.000000000000000000e+00
1.399971065711032026e+00,-4.055353167404056602e-01,1.000000000000000000e+00
-2.096154806181622088e-01,1.046235187837416980e+00,0.000000000000000000e+00
8.684958536806078877e-01,-5.066529140646159890e-01,1.000000000000000000e+00
-6.247610453954119958e-01,7.808345925698555456e-01,0.000000000000000000e+00
-9.554518173530951453e-01,4.399657496394476230e-01,0.000000000000000000e+00
8.839103552854816748e-01,3.658194368004554775e-01,0.000000000000000000e+00
5.749037479904340886e-01,-3.051688481825305388e-01,1.000000000000000000e+00
-1.295144511745488503e-01,1.032848414974714579e+00,0.000000000000000000e+00
1.970798978395563505e+00,5.071861912818983464e-01,1.000000000000000000e+00
8.674350693836149206e-01,-5.576003217235895315e-01,1.000000000000000000e+00
8.438540590283112319e-01,-4.644915792713071312e-01,1.000000000000000000e+00
6.254558663265890051e-01,-4.029918925464671675e-01,1.000000000000000000e+00
8.633999796788422998e-01,3.422682971054710199e-01,0.000000000000000000e+00
-9.362308349354599990e-01,2.851096048584690901e-01,0.000000000000000000e+00
8.089323961982395339e-01,6.270987910598595505e-01,0.000000000000000000e+00
3.307710193744801686e-01,9.622604417611319017e-01,0.000000000000000000e+00
-7.194075728611337706e-01,7.132076961378853719e-01,0.000000000000000000e+00
2.486366996812237051e-01,9.673259024801312833e-01,0.000000000000000000e+00
1.611060256922993927e+00,-3.408724314733902472e-01,1.000000000000000000e+00
1.881015042613430888e+00,4.632658896958428280e-02,1.000000000000000000e+00
1.962009837227314479e+00,1.500549649385206907e-01,1.000000000000000000e+00
2.340971688188069333e-01,-3.165551659412449426e-02,1.000000000000000000e+00
1.423689069540647001e+00,-3.579735167038377575e-01,1.000000000000000000e+00
-7.038251125494500160e-01,6.126179928961398291e-01,0.000000000000000000e+00
-4.726692376925424321e-01,9.108064188354765278e-01,0.000000000000000000e+00
2.088566622546150331e+00,3.466287795182010356e-01,1.000000000000000000e+00
-1.173329555932800528e-01,1.013520549687992878e+00,0.000000000000000000e+00
3.932351076413475588e-01,-2.010482237339831779e-01,1.000000000000000000e+00
-1.020725865611908478e+00,5.770889578428328726e-02,0.000000000000000000e+00
3.859671290787792253e-01,8.950346321450268761e-01,0.000000000000000000e+00
9.285948389123348523e-01,2.145831691038315725e-01,0.000000000000000000e+00
-5.141722113626950863e-01,9.000038016060605273e-01,0.000000000000000000e+00
-4.531356516000820817e-02,1.013692480261895401e+00,0.000000000000000000e+00
9.137608684761916455e-01,4.036919215572623010e-01,0.000000000000000000e+00
3.223800361342007426e-01,8.976472939987759636e-01,0.000000000000000000e+00
4.132500674455796830e-02,9.526231752612646098e-01,0.000000000000000000e+00
9.753570258504451473e-01,1.522993029902718065e-02,0.000000000000000000e+00
-8.490618733228630921e-01,5.189868753278165103e-01,0.000000000000000000e+00
3.953515892704199119e-01,8.731513236676992085e-01,0.000000000000000000e+00
-7.208994222884778091e-01,6.790460339240105281e-01,0.000000000000000000e+00
1.005204875937939279e+00,-4.854284715575001297e-01,1.000000000000000000e+00
4.566671546351327993e-01,-3.426293451890184416e-01,1.000000000000000000e+00
1.950193381251650759e+00,3.347898869010343947e-01,1.000000000000000000e+00
5.475167417091152400e-01,8.773422535624549878e-01,0.000000000000000000e+00
4.815927451861591324e-01,-3.669610299822898547e-01,1.000000000000000000e+00
3.884464421051642691e-01,-2.429960013296207366e-01,1.000000000000000000e+00
-6.721476951289948043e-02,9.984110573010267498e-01,0.000000000000000000e+00
1.013467448659814751e+00,1.578105518122334128e-01,0.000000000000000000e+00
1.632902479240880556e-01,2.557619690549700620e-01,1.000000000000000000e+00
7.228842589198690716e-01,5.646164230370802617e-01,0.000000000000000000e+00
-5.970863041667213295e-02,9.644488246856738334e-01,0.000000000000000000e+00
2.035403216703204787e+00,4.679384274683540124e-01,1.000000000000000000e+00
1.900613921639833226e+00,-8.309721097673368473e-02,1.000000000000000000e+00
1.676381127576469066e+00,-2.070760693826450838e-01,1.000000000000000000e+00
1.851107542722086663e+00,-4.423241138513295256e-02,1.000000000000000000e+00
-7.372007623567858881e-01,6.967661517697111284e-01,0.000000000000000000e+00
-3.472472575959859586e-01,8.726786350064343889e-01,0.000000000000000000e+00
6.500491370696298565e-01,7.040007495972475660e-01,0.000000000000000000e+00
9.293167819272005747e-01,3.896018656832540006e-01,0.000000000000000000e+00
6.207706158748109715e-01,7.857297797990828725e-01,0.000000000000000000e+00
1.982432336480843826e+00,1.380803140492605496e-01,1.000000000000000000e+00
1.933637752446121016e+00,5.830416208920125021e-01,1.000000000000000000e+00
1.247680301217327870e+00,-4.812703331173657784e-01,1.000000000000000000e+00
1.511903642354114785e+00,-4.024451860434318795e-01,1.000000000000000000e+00
-9.843962318657130117e-01,3.142099933005604306e-01,0.000000000000000000e+00
4.062645314336024160e-01,-1.912605896948461615e-01,1.000000000000000000e+00
1.351823874655895541e-01,2.310291695275025481e-02,1.000000000000000000e+00
1.600895736372209610e+00,-2.748505325160729429e-01,1.000000000000000000e+00
9.934533253413004861e-01,3.400577361791495834e-01,0.000000000000000000e+00
-7.397199083842412315e-02,1.418551119078936273e-01,1.000000000000000000e+00
5.971464687299644636e-01,-3.560973288788044089e-01,1.000000000000000000e+00
1.936425128249306349e+00,5.681126855493102285e-02,1.000000000000000000e+00
2.122043874817572673e-01,9.855629892689927729e-01,0.000000000000000000e+00
1.853406772651543966e+00,-1.365816879286541052e-01,1.000000000000000000e+00
4.679429395302289740e-03,9.711188334532906419e-01,0.000000000000000000e+00
8.639381364982554601e-01,-5.921616731649064214e-01,1.000000000000000000e+00
9.275025506902655481e-01,3.084923060502945402e-01,0.000000000000000000e+00
1.261234654059012250e+00,-5.397305247447168330e-01,1.000000000000000000e+00
1.585411302014308355e+00,-3.401309244088729922e-01,1.000000000000000000e+00
1.405235176352743309e+00,-3.537455253905997243e-01,1.000000000000000000e+00
-9.602892655382140319e-01,1.001164940195609920e-01,0.000000000000000000e+00
5.135458302074847881e-01,-4.704711416984772576e-01,1.000000000000000000e+00
1.103226457011665884e+00,-5.375182296883307398e-01,1.000000000000000000e+00
-4.327451401671568165e-01,1.019794811982289717e+00,0.000000000000000000e+00
8.569620677839897560e-01,-4.281879035376787712e-01,1.000000000000000000e+00
2.454237439022250999e-01,9.934520068072594245e-01,0.000000000000000000e+00
1.017779605052026470e+00,-8.174428608158090803e-03,0.000000000000000000e+00
-8.494997840544084022e-01,5.817460859922327643e-01,0.000000000000000000e+00
2.565603048458509616e-01,-1.908129197754979689e-01,1.000000000000000000e+00
-4.324284431623998115e-02,2.307400682150715920e-01,1.000000000000000000e+00
1.006479753069552174e+00,-4.570270889224176125e-01,1.000000000000000000e+00
2.002975634459944754e+00,1.612355829394281348e-01,1.000000000000000000e+00
1.924196285756359925e+00,1.219955774544676103e-01,1.000000000000000000e+00
1.384687509636634895e+00,-3.754047554412248133e-01,1.000000000000000000e+00
6.116103374171829588e-01,-3.847375749012935109e-01,1.000000000000000000e+00
-6.374114848006791068e-01,6.563311247197477494e-01,0.000000000000000000e+00
9.249484522988756785e-01,1.844532372795468222e-01,0.000000000000000000e+00
-8.901854599396223922e-01,6.489024583990159467e-01,0.000000000000000000e+00
8.615660202362108722e-01,4.529611101998617939e-01,0.000000000000000000e+00
-6.606487066651228757e-01,7.897218132585376305e-01,0.000000000000000000e+00
8.401826942942434151e-01,5.714417546569121598e-01,0.000000000000000000e+00
1.668415816155324194e-01,9.891799365079946282e-01,0.000000000000000000e+00
1.530442882796307025e+00,-3.553929428849778027e-01,1.000000000000000000e+00
5.719374310685969576e-01,8.266004081146179905e-01,0.000000000000000000e+00
1.451814603567772366e+00,-3.612922487873776456e-01,1.000000000000000000e+00
1.995626631930119022e+00,2.690840410716714426e-01,1.000000000000000000e+00
-6.079015889961488783e-01,8.020689110054293192e-01,0.000000000000000000e+00
1.889710087470904298e+00,-2.850522811174736881e-02,1.000000000000000000e+00
7.324695045700323481e-01,7.140902073557368057e-01,0.000000000000000000e+00
4.519533935450124607e-01,-2.209760460483734812e-01,1.000000000000000000e+00
1.861888092928393634e+00,-1.391469586247316148e-01,1.000000000000000000e+00
-9.208291300148063740e-01,4.533829254098624695e-01,0.000000000000000000e+00
9.875667902938958242e-01,1.496596832143725075e-01,0.000000000000000000e+00
1.244212444279090946e+00,-4.746230013287010552e-01,1.000000000000000000e+00
1.965644257528756711e+00,3.289703722323997770e-01,1.000000000000000000e+00
-2.224366152808076036e-01,9.475713470915121395e-01,0.000000000000000000e+00
-3.913218128900121107e-01,8.477887706593072448e-01,0.000000000000000000e+00
-2.322529441563328523e-02,1.879253728157455894e-01,1.000000000000000000e+00
1.003330713554374087e+00,-3.686131209003505882e-01,1.000000000000000000e+00
1.492084123134539864e+00,-3.876753035278797110e-01,1.000000000000000000e+00
1.490664027907094846e-01,-9.732730243369812351e-02,1.000000000000000000e+00
-6.730275390143349856e-01,7.718592986314288806e-01,0.000000000000000000e+00
1.878078083549171495e+00,-1.203365514249575691e-01,1.000000000000000000e+00
8.738841241167512042e-01,-4.831069924579739494e-01,1.000000000000000000e+00
-1.656162949756417868e-01,9.709344327466545854e-01,0.000000000000000000e+00
2.045453981069829563e+00,3.999561875782522424e-01,1.000000000000000000e+00
-4.893608140140174451e-02,4.846286565464445473e-01,1.000000000000000000e+00
-8.078885107758556616e-01,5.313633606930155961e-01,0.000000000000000000e+00
3.008755381061483103e-01,-1.632429070301809615e-01,1.000000000000000000e+00
-1.349337057399257848e-02,5.127202268363506565e-01,1.000000000000000000e+00
9.913232670894738252e-01,-5.106806512397755737e-01,1.000000000000000000e+00
6.745880939890893657e-01,9.650618029922570784e-01,0.000000000000000000e+00
9.640379853086689099e-01,-5.238321146774341797e-01,1.000000000000000000e+00
9.362494329113584257e-01,1.822901026211249942e-01,0.000000000000000000e+00
2.501731601203992517e-01,-2.842873131567177358e-01,1.000000000000000000e+00
1.182435689241750465e+00,-4.412095983383947373e-01,1.000000000000000000e+00
3.612261576775028238e-01,-2.625686977903115005e-01,1.000000000000000000e+00
-7.089854582559048657e-01,5.683254776926648377e-01,0.000000000000000000e+00
1.570971317311223858e-01,-5.527565776310063017e-02,1.000000000000000000e+00
2.433166297702629155e-01,-1.026032528218871059e-01,1.000000000000000000e+00
3.259900783377022160e-01,8.608355305296053750e-01,0.000000000000000000e+00
9.206545568185788841e-01,3.393216278917924322e-01,0.000000000000000000e+00
-5.262093650628659747e-01,7.957235824716983874e-01,0.000000000000000000e+00
1.098547593711232784e+00,-5.489074597681813383e-01,1.000000000000000000e+00
-9.112046312339636689e-01,2.673920990370000639e-01,0.000000000000000000e+00
-4.692699111714422333e-01,7.872997071033188687e-01,0.000000000000000000e+00
-1.550894172325075204e-01,9.313831567426481550e-01,0.000000000000000000e+00
8.210730946428845822e-01,5.211036438111947833e-01,0.000000000000000000e+00
1.181267686217547297e+00,-5.725691353904643899e-01,1.000000000000000000e+00
1.073504389535469450e+00,2.879672925245785886e-01,0.000000000000000000e+00
-6.154269692378914192e-01,8.451533169378935284e-01,0.000000000000000000e+00
2.053204641080013104e-01,-6.075513859565551122e-02,1.000000000000000000e+00
1.016465622816135506e+00,-4.833901038035680608e-01,1.000000000000000000e+00
1.282422206036333556e-01,9.177543896623466257e-03,1.000000000000000000e+00
-6.498724859927755837e-01,8.052402650721363075e-01,0.000000000000000000e+00
1.941449864172472284e-01,1.002155942518655474e+00,0.000000000000000000e+00
6.256566548526883154e-02,9.886329651379861527e-01,0.000000000000000000e+00
-2.358442970070951383e-01,9.664100835064785011e-01,0.000000000000000000e+00
-3.743379126480571029e-01,8.868519327950488140e-01,0.000000000000000000e+00
9.482893550139417371e-01,2.271409857574794855e-01,0.000000000000000000e+00
6.876742329001582499e-02,4.873895700686159960e-01,1.000000000000000000e+00
1.559431362005793353e+00,-3.414551930481506403e-01,1.000000000000000000e+00
1.018598296961753302e+00,2.170358523135232920e-01,0.000000000000000000e+00
3.319045477429835023e-01,-2.667671133361327329e-01,1.000000000000000000e+00
2.464583282552413879e-01,-1.271728188078754054e-02,1.000000000000000000e+00
3.307865063042623732e-01,9.366843637278039481e-01,0.000000000000000000e+00
2.520680258249431982e-01,9.225828947043378525e-01,0.000000000000000000e+00
9.809238702736154947e-01,2.076691860835075398e-01,0.000000000000000000e+00
3.403330963498210626e-01,-2.138535784020785535e-01,1.000000000000000000e+00
9.254820918758378534e-01,2.049339720774597251e-01,0.000000000000000000e+00
6.413209499643482969e-01,7.982179507640014826e-01,0.000000000000000000e+00
1.111021377209894245e+00,2.181309221169012436e-01,0.000000000000000000e+00
-7.394160451011945190e-01,6.957164934667244838e-01,0.000000000000000000e+00
-7.681299402011106947e-01,7.346210742021291873e-01,0.000000000000000000e+00
1.689306473902455752e-01,6.558849005741735488e-03,1.000000000000000000e+00
9.547372130026313686e-01,4.186598527868117814e-01,0.000000000000000000e+00
1.795650250345730337e+00,-1.386470212591570939e-01,1.000000000000000000e+00
9.328897947629313236e-01,-4.675926263355481005e-01,1.000000000000000000e+00
7.329797138594776329e-02,8.958189934558888345e-02,1.000000000000000000e+00
2.651223905666961200e-01,9.726364435274293951e-01,0.000000000000000000e+00
7.815791291216309666e-01,4.453694116945280945e-01,0.000000000000000000e+00
1.298871096912273426e+00,-4.739910684283393238e-01,1.000000000000000000e+00
1.942818716695164094e-01,8.790084489126710476e-01,0.000000000000000000e+00
9.024555399493980890e-01,2.418347855824034554e-01,0.000000000000000000e+00
-8.340204486186663102e-01,5.230581833088432386e-01,0.000000000000000000e+00
5.976705725016939752e-01,-4.564929093385144410e-01,1.000000000000000000e+00
4.909524194491261539e-01,-4.590458991107634334e-01,1.000000000000000000e+00
6.320821617643955781e-01,-3.461353724283441347e-01,1.000000000000000000e+00
1.931836399887146172e+00,1.746979275527522080e-01,1.000000000000000000e+00
-7.970402638514245686e-01,5.706930776862102483e-01,0.000000000000000000e+00
8.133648582334328525e-01,-5.867736560489728026e-01,1.000000000000000000e+00
2.528558638779104806e-01,-1.347085353338120517e-01,1.000000000000000000e+00
1.938158920895451054e+00,3.456111673153627328e-01,1.000000000000000000e+00
1.292618973743972499e-01,1.035808168142355212e+00,0.000000000000000000e+00
2.041287706562585402e+00,5.033178694765578776e-01,1.000000000000000000e+00
-8.383076147369152853e-01,5.862043765896016723e-01,0.000000000000000000e+00
1.054256530703839845e+00,3.324492529228294246e-02,0.000000000000000000e+00
1.251472859288949024e+00,-4.677401681938027633e-01,1.000000000000000000e+00
1.718119403029075620e+00,-1.658003838608039793e-01,1.000000000000000000e+00
1.721187680889444627e+00,-1.994542168487593581e-01,1.000000000000000000e+00
3.928439083858401570e-01,9.457736578286731755e-01,0.000000000000000000e+00
1.029455754335043327e+00,1.381843045588727545e-02,0.000000000000000000e+00
3.801335901943309614e-01,-2.721341756293642056e-01,1.000000000000000000e+00
2.920017748319320150e-01,-1.526216664255351241e-01,1.000000000000000000e+00
-5.039612149358775328e-01,8.095428426128378208e-01,0.000000000000000000e+00
8.290165934704847306e-01,5.887132745279425317e-01,0.000000000000000000e+00
-9.903770433955813579e-02,1.016107676345198829e+00,0.000000000000000000e+00
3.888563639465923982e-01,-2.839949514541676989e-01,1.000000000000000000e+00
9.442265717401454594e-01,-4.826273624016396147e-01,1.000000000000000000e+00
9.715635049543059898e-01,3.471945272392087944e-01,0.000000000000000000e+00
-1.130089930768975182e-01,1.052366526449404205e+00,0.000000000000000000e+00
5.573209730613103846e-02,6.002028522572497998e-02,1.000000000000000000e+00
-1.091948102499844087e+00,2.630913300219338974e-02,0.000000000000000000e+00
-7.769899161086011308e-01,5.927633481716154673e-01,0.000000000000000000e+00
-9.876991784937021457e-01,1.971531612257744204e-01,0.000000000000000000e+00
-2.832727244308718695e-01,9.312899685312177045e-01,0.000000000000000000e+00
1.058188602173980586e-01,5.471138825696212349e-01,1.000000000000000000e+00
-8.354942545187922232e-01,6.400468651427042577e-01,0.000000000000000000e+00
4.945155161000332478e-01,-3.175703122831089464e-01,1.000000000000000000e+00
-3.411723556710178351e-01,9.554082900119862387e-01,0.000000000000000000e+00
2.650360993060203452e-01,9.371194845484148717e-01,0.000000000000000000e+00
4.933442877238685131e-01,8.954606354800698220e-01,0.000000000000000000e+00
-6.037282740915761448e-01,7.404006345525602217e-01,0.000000000000000000e+00
1.935437296472902302e+00,2.461643596347655172e-01,1.000000000000000000e+00
1.491456797796493761e-01,8.532527316975498932e-01,0.000000000000000000e+00
1.879175085747594842e+00,1.438519728174695311e-01,1.000000000000000000e+00
-1.062546620800038921e+00,1.269976654616097322e-01,0.000000000000000000e+00
1.739150871390010289e-01,-9.502116427652483599e-02,1.000000000000000000e+00
7.989378476883000069e-01,4.232761585170152774e-01,0.000000000000000000e+00
-7.879269512491666738e-01,6.083464908840580110e-01,0.000000000000000000e+00
1.976278324034889122e+00,3.860754295925345470e-01,1.000000000000000000e+00
-2.228195116731388967e-02,4.996316725415889670e-01,1.000000000000000000e+00
5.796074156393627996e-01,-4.199130303820302612e-01,1.000000000000000000e+00
1.936508621337510672e+00,3.034304622209524904e-01,1.000000000000000000e+00
9.202570579470600309e-01,4.454159100486302925e-01,0.000000000000000000e+00
7.742764114452168611e-01,7.014837241960200087e-01,0.000000000000000000e+00
4.799851186796952884e-01,8.904883108605403663e-01,0.000000000000000000e+00
-8.133911974316017091e-01,6.630723702266327901e-01,0.000000000000000000e+00
1.480786744011602485e+00,-3.904371478274085705e-01,1.000000000000000000e+00
9.764339591508485183e-01,5.388819498411928643e-01,0.000000000000000000e+00
7.527706517830247135e-01,5.945519025074609276e-01,0.000000000000000000e+00
1.130156579758472057e+00,-5.219865397364479298e-01,1.000000000000000000e+00
3.945624252612793259e-01,8.487925506291308375e-01,0.000000000000000000e+00
5.404252745482887033e-01,8.131976882902594017e-01,0.000000000000000000e+00
4.148167999100192960e-01,-2.262874697534256740e-01,1.000000000000000000e+00
1.549658814250812089e+00,-2.463783167565948284e-01,1.000000000000000000e+00
1.287928202249305709e+00,-4.924150836741277848e-01,1.000000000000000000e+00
-1.160145723200460555e-02,1.623376671566709450e-01,1.000000000000000000e+00
1.240949834750582736e+00,-4.386293101531659744e-01,1.000000000000000000e+00
3.055425604999918443e-01,-3.055190452524758626e-02,1.000000000000000000e+00
7.704535409304794635e-01,-4.178724879856617891e-01,1.000000000000000000e+00
8.575073967440890454e-01,-4.268665931786155276e-01,1.000000000000000000e+00
9.393771770696445200e-01,3.694592712585035299e-01,0.000000000000000000e+00
-1.521758835895769407e-02,2.489820853558879499e-01,1.000000000000000000e+00
5.810534270620070219e-01,9.583460414364817215e-01,0.000000000000000000e+00
6.570510534631754940e-01,7.433864104409501072e-01,0.000000000000000000e+00
-1.824774138821508851e-01,8.988376188784203968e-01,0.000000000000000000e+00
6.224903088882727253e-01,7.514771485150582020e-01,0.000000000000000000e+00
1.038596006960025298e+00,-5.058754582402976707e-01,1.000000000000000000e+00
-9.607541516060357223e-01,2.066017422145020321e-01,0.000000000000000000e+00
4.857624576638526759e-01,-2.647741821192639011e-01,1.000000000000000000e+00
-9.609609852726935797e-01,1.015540751302867750e-01,0.000000000000000000e+00
1.474948547831272383e-01,1.176452418844267239e-01,1.000000000000000000e+00
-8.503087611264940060e-01,5.907201838846809494e-01,0.000000000000000000e+00
-6.862526448445519511e-01,8.299830520076599827e-01,0.000000000000000000e+00
-6.394666653758387942e-03,2.739812980152039334e-01,1.000000000000000000e+00
2.026251408970453749e+00,3.747061254172978639e-01,1.000000000000000000e+00
6.271797959086728991e-01,-4.626983895914041356e-01,1.000000000000000000e+00
6.629361699251662410e-02,1.494055075708933256e-01,1.000000000000000000e+00
2.063107623327376849e+00,4.157141933933753974e-01,1.000000000000000000e+00
-9.241262370828464690e-01,5.095194796399687975e-01,0.000000000000000000e+00
1.863858432425429701e+00,1.447344757710090392e-02,1.000000000000000000e+00
1.884100527654576585e+00,8.117061858766774773e-02,1.000000000000000000e+00
7.983032797439510997e-01,6.010341912777950046e-01,0.000000000000000000e+00
8.401226031873151312e-01,-4.419418549181911571e-01,1.000000000000000000e+00
-4.456556011040789245e-01,8.862244071651501631e-01,0.000000000000000000e+00
1.290978315520205921e+00,-4.589821115758369041e-01,1.000000000000000000e+00
1.443529505745926034e-01,1.089456690787056869e+00,0.000000000000000000e+00
-4.300342683965682200e-01,9.105930816558407415e-01,0.000000000000000000e+00
1.423689545401171097e+00,-4.163122500961006778e-01,1.000000000000000000e+00
4.498214472593698443e-01,-2.985067878279487052e-01,1.000000000000000000e+00
1.095339615343874806e+00,-5.210364248733094783e-01,1.000000000000000000e+00
8.199084365069952973e-01,-5.191907275177418679e-01,1.000000000000000000e+00
1.939338009745230407e+00,1.525365424363523126e-01,1.000000000000000000e+00
-3.314593258616330140e-01,9.210008116742858242e-01,0.000000000000000000e+00
-8.996365765904310585e-01,2.041022482235872737e-01,0.000000000000000000e+00
-3.521472522798876556e-04,3.915095231773881856e-01,1.000000000000000000e+00
-9.799836123818467248e-01,5.968486078099447673e-02,0.000000000000000000e+00
9.266887145767632727e-01,1.483497995366881428e-01,0.000000000000000000e+00
1.015495103195267257e+00,-4.438123601546077879e-01,1.000000000000000000e+00
6.624322019809805173e-01,-4.962566817059786417e-01,1.000000000000000000e+00
8.339460383290908663e-01,-4.718790691568724993e-01,1.000000000000000000e+00
8.677726011736297540e-01,-5.060603571521390398e-01,1.000000000000000000e+00
-1.010792904049832019e+00,3.432908535734634503e-01,0.000000000000000000e+00
1.918332935358199931e+00,2.159809099202842642e-01,1.000000000000000000e+00
4.406210090708793103e-01,-3.034688076435202442e-01,1.000000000000000000e+00
5.639180812366011430e-01,8.283344545386183144e-01,0.000000000000000000e+00
-9.229445531012764325e-01,4.262664747297352230e-01,0.000000000000000000e+00
9.107906032643355854e-01,-5.098258245404023725e-01,1.000000000000000000e+00
1.274816286413470001e+00,-4.159451955773641463e-01,1.000000000000000000e+00
9.393954754911154614e-01,1.111572500690176518e-01,0.000000000000000000e+00
-8.616591319154125461e-01,5.395497045359594068e-01,0.000000000000000000e+00
5.642417216785869938e-01,7.988203461808300876e-01,0.000000000000000000e+00
1.870992888268369625e-01,1.062345892003222492e+00,0.000000000000000000e+00
1.854332843717052093e+00,1.101259029958056301e-01,1.000000000000000000e+00
5.062418046695064122e-01,8.180032085805996056e-01,0.000000000000000000e+00
8.220857857972910798e-01,5.511630071365988259e-01,0.000000000000000000e+00
4.669008477979821187e-02,1.049244145867817890e+00,0.000000000000000000e+00
-8.339574609564248675e-01,5.231337332406345020e-01,0.000000000000000000e+00
2.892465752346276564e-01,-1.359227612138062535e-01,1.000000000000000000e+00
1.068386973806789042e+00,-4.426672874156880044e-01,1.000000000000000000e+00
-1.046122301347779837e+00,-3.896293470047322571e-03,0.000000000000000000e+00
1.494040704861563595e+00,-3.567997297400253842e-01,1.000000000000000000e+00
5.324586731608316192e-01,-3.575858890685383318e-01,1.000000000000000000e+00
1.445158411402046372e+00,-4.229281673145198206e-01,1.000000000000000000e+00
2.915522922289489616e-01,9.267365705704029288e-01,0.000000000000000000e+00
2.067876859631140984e+00,2.280021907395179126e-01,1.000000000000000000e+00
5.446844252453658664e-01,9.012106324394392187e-01,0.000000000000000000e+00
-3.756246709297687003e-01,9.546558417273625086e-01,0.000000000000000000e+00
9.712143756433124775e-01,1.703398218796779023e-02,0.000000000000000000e+00
1.442858533868900395e+00,-3.564991682512869131e-01,1.000000000000000000e+00
2.914582001256391663e-01,-3.011633310005836228e-01,1.000000000000000000e+00
1.895125889187087243e+00,1.805589666018104777e-01,1.000000000000000000e+00
2.866362461147950805e-02,1.672005086500691906e-01,1.000000000000000000e+00
9.668630705926992697e-01,3.185904310443845588e-01,0.000000000000000000e+00
8.980824347445917621e-02,1.944882569718087983e-01,1.000000000000000000e+00
1.039648305376083548e-01,-1.111708196153844280e-01,1.000000000000000000e+00
1.286779326876713370e+00,-4.009637444360521497e-01,1.000000000000000000e+00
-4.573265919768879084e-01,8.481436698427113896e-01,0.000000000000000000e+00
-6.974421690640317806e-01,7.840713782342675353e-01,0.000000000000000000e+00
1.427035417127129335e+00,-3.505184089895767574e-01,1.000000000000000000e+00
1.839848698535931359e-02,3.865875225750338706e-01,1.000000000000000000e+00
1.847075542264271952e+00,-4.429737349525119522e-02,1.000000000000000000e+00
7.089780615327038182e-01,6.523768124115321143e-01,0.000000000000000000e+00
1.587987144432664977e+00,-3.300424764420133994e-01,1.000000000000000000e+00
-7.094474771757190990e-01,7.658116233024534480e-01,0.000000000000000000e+00
9.873773622390203952e-01,8.392287761008521141e-02,0.000000000000000000e+00
1.587761041530603295e-02,4.325480263892994559e-01,1.000000000000000000e+00
1.200081572330235768e-01,-1.159455349010571346e-02,1.000000000000000000e+00
1.267459469355888491e+00,-4.849456131081720800e-01,1.000000000000000000e+00
1.591869715922996420e+00,-1.926627253685187502e-01,1.000000000000000000e+00
1.700214985466985240e+00,-3.443673373917909841e-01,1.000000000000000000e+00
6.100436878017483355e-01,7.317734600580336757e-01,0.000000000000000000e+00
-8.202990506599729115e-02,1.085183183181702482e+00,0.000000000000000000e+00
1.346928708298035682e+00,-4.217701631263461315e-01,1.000000000000000000e+00
6.203728034758210219e-01,7.214696694407549682e-01,0.000000000000000000e+00
5.614543019370618615e-02,-1.440462714962886803e-02,1.000000000000000000e+00
-9.310391851040016320e-01,3.012160127502099827e-01,0.000000000000000000e+00
-3.467012701192758728e-01,8.920763492555071617e-01,0.000000000000000000e+00
6.645152723496936531e-01,7.742026965224687585e-01,0.000000000000000000e+00
-1.033010666531289701e+00,1.321315481599726616e-01,0.000000000000000000e+00
6.610574598347431774e-01,-4.941604512163113583e-01,1.000000000000000000e+00
-9.919082918136019611e-01,2.299627923196121138e-01,0.000000000000000000e+00
5.043620845627260207e-01,7.871258655009057970e-01,0.000000000000000000e+00
1.288380954511146315e-01,-8.034375530321752334e-02,1.000000000000000000e+00
1.468370931964933845e+00,-3.977812875870126996e-01,1.000000000000000000e+00
6.609027034552618085e-01,-4.483820900175149449e-01,1.000000000000000000e+00
-5.380765880147189151e-01,7.631157962328333211e-01,0.000000000000000000e+00
-1.062642091860942717e+00,8.543882794848577100e-02,0.000000000000000000e+00
-2.273916613947993270e-01,9.172631222275978713e-01,0.000000000000000000e+00
1.127515082018822001e+00,-5.562138805652908635e-01,1.000000000000000000e+00
-2.532835237648566329e-01,9.417155151085426779e-01,0.000000000000000000e+00
1.320572752891905344e+00,-4.146691975772933692e-01,1.000000000000000000e+00
-4.076472290809440291e-01,9.552772343868174421e-01,0.000000000000000000e+00
9.071422834009774672e-01,-4.626611696351222713e-01,1.000000000000000000e+00
7.226129325047700447e-02,9.987310948161001178e-01,0.000000000000000000e+00
1.814061469422590667e-01,-4.601912360465441887e-03,1.000000000000000000e+00
1.070381724101459875e-01,2.716000632061739140e-01,1.000000000000000000e+00
9.490744329593816531e-01,5.121705804234247955e-02,0.000000000000000000e+00
1.406436410270456294e+00,-4.409195357904369672e-01,1.000000000000000000e+00
1.950850067625050865e+00,4.365302433212709388e-01,1.000000000000000000e+00
1.804374028277467179e+00,-4.461540584660694114e-02,1.000000000000000000e+00
4.079153167048851225e-01,7.890165840304436129e-01,0.000000000000000000e+00
-9.052462276633548299e-01,5.567846399176438199e-01,0.000000000000000000e+00
8.078167231779740387e-01,6.050701022121968142e-01,0.000000000000000000e+00
8.776394655276897883e-01,4.686103512541663352e-01,0.000000000000000000e+00
1.876098032537610427e+00,2.794520343397762785e-01,1.000000000000000000e+00
1.621733317515341888e+00,-2.786959334129894272e-01,1.000000000000000000e+00
8.189008643467027282e-01,6.649324166681835901e-01,0.000000000000000000e+00
-9.861262688565765044e-01,2.589824505758654416e-01,0.000000000000000000e+00
1.113395927510435701e+00,-4.980362882958023207e-01,1.000000000000000000e+00
1.794630982401659969e+00,-4.672481140968792745e-02,1.000000000000000000e+00
1.792472217431779202e-01,-2.365014907851311632e-01,1.000000000000000000e+00
2.158149030933978751e-01,9.789922765817182793e-01,0.000000000000000000e+00
3.794535122745510414e-01,9.846995222398542413e-01,0.000000000000000000e+00
6.549046721255410430e-01,-4.687636996608181561e-01,1.000000000000000000e+00
-6.027515093689956860e-01,7.167331454445179384e-01,0.000000000000000000e+00
-2.584391246910838214e-01,9.918651578750138365e-01,0.000000000000000000e+00
1.893818264290197062e+00,-3.632326357526796667e-02,1.000000000000000000e+00
5.684874932084706955e-01,7.993943780499004337e-01,0.000000000000000000e+00
1.613726917621607915e-02,3.151413539342580727e-01,1.000000000000000000e+00
1.096051309533367518e-01,2.265043629207166842e-03,1.000000000000000000e+00
5.048870325691907635e-01,8.896558853855645044e-01,0.000000000000000000e+00
1.678113421026526719e+00,-3.024581975286902980e-01,1.000000000000000000e+00
3.098761379790075376e-01,-2.240491189892739321e-01,1.000000000000000000e+00
1.026110082072316354e+00,-4.263509731443286266e-01,1.000000000000000000e+00
-8.872662098911719974e-01,3.814292367909447590e-01,0.000000000000000000e+00
3.942941395803072346e-01,-2.605856048724213836e-01,1.000000000000000000e+00
-7.223639730636146616e-01,7.318248927607294840e-01,0.000000000000000000e+00
-7.591392639001863507e-02,1.009241840885285901e+00,0.000000000000000000e+00
9.493714750107394851e-01,2.100703839656598709e-02,0.000000000000000000e+00
9.364136715421734342e-03,4.618843766552165886e-01,1.000000000000000000e+00
-5.430781255072795188e-01,7.968247710773229686e-01,0.000000000000000000e+00
1.707642851910856407e+00,-1.345914635965347328e-01,1.000000000000000000e+00
2.028424808279132296e+00,2.931991719729029611e-01,1.000000000000000000e+00
1.858812877566799138e+00,-1.122889249638368697e-01,1.000000000000000000e+00
7.187165367850726350e-01,7.302627409385292756e-01,0.000000000000000000e+00
6.324449153094321985e-02,3.275543871814541874e-01,1.000000000000000000e+00
7.290547407563972848e-02,3.951990966137234329e-01,1.000000000000000000e+00
4.242880826231096858e-01,-1.981759861634939113e-01,1.000000000000000000e+00
8.748478511705750638e-01,1.147002010937201860e-01,0.000000000000000000e+00
-9.037046744044624491e-01,2.402032165223955962e-01,0.000000000000000000e+00
1.141540930230615647e+00,-5.855742645304345961e-01,1.000000000000000000e+00
2.041209055178391019e+00,3.809168306145395699e-01,1.000000000000000000e+00
1.307004796825749215e+00,-3.748054289870713651e-01,1.000000000000000000e+00
4.435796614088485246e-01,-1.971907759172923935e-01,1.000000000000000000e+00
1.821993047503575047e+00,-2.546644659530118981e-01,1.000000000000000000e+00
1.331911700884668148e-01,-1.009932516637192523e-01,1.000000000000000000e+00
9.521254292155447718e-01,3.337774094193212138e-01,0.000000000000000000e+00
6.789744863465200231e-01,7.557623969055834445e-01,0.000000000000000000e+00
-5.426911802928284512e-02,1.051874686323402086e+00,0.000000000000000000e+00
9.139002297786800177e-01,2.383438105370032645e-01,0.000000000000000000e+00
1.000433045455930481e+00,3.161915103534717053e-01,0.000000000000000000e+00
1.317917795451982177e-01,1.009184904258607185e+00,0.000000000000000000e+00
5.081032921457578899e-02,3.598980681092743827e-01,1.000000000000000000e+00
1.852107717363954187e+00,-1.536379791934426864e-01,1.000000000000000000e+00
5.668828029483049535e-01,7.639702864086733713e-01,0.000000000000000000e+00
-2.396593502640162188e-01,9.876980544874608414e-01,0.000000000000000000e+00
2.052934705394346526e+00,3.143340221870836726e-01,1.000000000000000000e+00
1.840040948425257117e+00,-1.444810466006850591e-01,1.000000000000000000e+00
7.819318888112758437e-02,9.451805008919760276e-01,0.000000000000000000e+00
-1.271527309804741379e-01,9.827610198624925353e-01,0.000000000000000000e+00
1.334483305097687200e+00,-3.713737013352120808e-01,1.000000000000000000e+00
6.972505093155870748e-01,-3.586331958522696040e-01,1.000000000000000000e+00
5.371321420018170256e-01,9.228189214514102012e-01,0.000000000000000000e+00
-9.287100333458631063e-02,9.871147050654154320e-01,0.000000000000000000e+00
1.498528922382413420e+00,-4.036926186206876710e-01,1.000000000000000000e+00
